training/bce,training/bsd,step,epoch,training/loss,validation/bce,validation/bsd,validation/loss
0.6512077450752258,0.9974380135536194,49,0,0.7550768256187439,,,
0.5880692005157471,0.9729320406913757,99,0,0.7035280466079712,,,
,,130,0,,0.5357366800308228,0.9910999536514282,0.6723456382751465
0.5095998048782349,0.9889001846313477,149,1,0.6533899307250977,,,
0.4153898358345032,0.9981826543807983,199,1,0.5902277231216431,,,
0.3139272928237915,0.9814183712005615,249,1,0.5141746401786804,,,
,,261,1,,0.2660834789276123,0.9913153052330017,0.4836530089378357
0.19870874285697937,0.9997556209564209,299,2,0.43902280926704407,,,
0.13700278103351593,0.9946315288543701,349,2,0.39429140090942383,,,
,,392,2,,0.10232648253440857,0.9915656447410583,0.3690982162952423
0.09464533627033234,0.9974713325500488,399,3,0.36549314856529236,,,
0.07366437464952469,0.9934295415878296,449,3,0.3495939373970032,,,
0.061814919114112854,0.9878692030906677,499,3,0.33963119983673096,,,
,,523,3,,0.05440011993050575,0.9907592535018921,0.3353078067302704
0.10061575472354889,0.9646780490875244,549,4,0.3598344624042511,,,
0.03676075115799904,0.9939974546432495,599,4,0.3239317536354065,,,
0.02335020899772644,0.9995766282081604,649,4,0.31621813774108887,,,
,,654,4,,0.035870831459760666,0.9894534945487976,0.3219456672668457
0.021107424050569534,0.9973317980766296,699,5,0.3139747381210327,,,
0.016438057646155357,0.9978131651878357,749,5,0.3108506202697754,,,
,,785,5,,0.030096082016825676,0.9890052676200867,0.31776881217956543
0.041516780853271484,0.9823368191719055,799,6,0.32376280426979065,,,
0.011230789124965668,0.9993310570716858,849,6,0.30766087770462036,,,
0.019166801124811172,0.9921454787254333,899,6,0.31106042861938477,,,
,,916,6,,0.02673199400305748,0.9895035624504089,0.31556352972984314
0.01412518136203289,0.9967654943466187,949,7,0.3089172840118408,,,
0.022401288151741028,0.9846401810646057,999,7,0.31107297539711,,,
,,1047,7,,0.024484844878315926,0.988936185836792,0.3138203024864197
0.018648499622941017,0.989936113357544,1049,8,0.3100348114967346,,,
0.013630311004817486,0.9935028553009033,1099,8,0.30759209394454956,,,
0.006592836696654558,0.9993008971214294,1149,8,0.3044052720069885,,,
,,1178,8,,0.024098964408040047,0.9885045289993286,0.31342068314552307
0.03117561712861061,0.9832620620727539,1199,9,0.3168015480041504,,,
0.00851777009665966,0.9978011846542358,1249,9,0.30530279874801636,,,
0.00928079430013895,0.9939889311790466,1299,9,0.3046932518482208,,,
,,1309,9,,0.023533551022410393,0.9883204102516174,0.3129695951938629
0.01747025176882744,0.9873754978179932,1349,10,0.3084418475627899,,,
0.021184293553233147,0.9829823970794678,1399,10,0.30972373485565186,,,
,,1440,10,,0.023152178153395653,0.9862092137336731,0.3120693266391754
0.014188824221491814,0.9871417284011841,1449,11,0.30607470870018005,,,
0.018713969737291336,0.9841286540031433,1499,11,0.3083384037017822,,,
0.007023346610367298,0.9942583441734314,1549,11,0.3031938672065735,,,
,,1571,11,,0.022050993517041206,0.9798389673233032,0.30938732624053955
0.03220732510089874,0.9494637846946716,1599,12,0.30738428235054016,,,
0.024808768182992935,0.9138655662536621,1649,12,0.29152581095695496,,,
0.024152375757694244,0.9075141549110413,1699,12,0.28916090726852417,,,
,,1702,12,,0.020703671500086784,0.9437028765678406,0.29760345816612244
0.014444930478930473,0.9633366465568542,1749,13,0.299112468957901,,,
0.021381832659244537,0.869024395942688,1799,13,0.27567461133003235,,,
,,1833,13,,0.01916484162211418,0.9227014780044556,0.2902258634567261
0.007990628480911255,0.948874294757843,1849,14,0.29025575518608093,,,
0.008989507332444191,0.9972097873687744,1899,14,0.30545559525489807,,,
0.03323187306523323,0.9012362957000732,1949,14,0.29363322257995605,,,
,,1964,14,,0.02067522518336773,0.8681588768959045,0.2749203145503998
0.0016870475374162197,0.9757266640663147,1999,15,0.29389896988868713,,,
0.016316408291459084,0.8611816167831421,2049,15,0.26977595686912537,,,
,,2095,15,,0.03732023388147354,0.8581042885780334,0.28355541825294495
0.016368919983506203,0.7327570915222168,2099,16,0.23128537833690643,,,
0.0303813349455595,0.8068500757217407,2149,16,0.26332196593284607,,,
0.02059757523238659,0.9489209055900574,2199,16,0.2990945875644684,,,
,,2226,16,,0.021434616297483444,0.8551526665687561,0.2715500593185425
0.012590951286256313,0.8103329539299011,2249,17,0.25191357731819153,,,
0.006263579707592726,0.6754052042961121,2299,17,0.2070060670375824,,,
0.009007132612168789,0.6535969972610474,2349,17,0.2023840993642807,,,
,,2357,17,,0.02342982403934002,0.779930591583252,0.2503800690174103
0.012380694970488548,0.8260213136672974,2399,18,0.2564728856086731,,,
0.0031489883549511433,0.9967833161354065,2449,18,0.3012393116950989,,,
,,2488,18,,0.021450554952025414,0.7797046303749084,0.2489268183708191
0.0031134365126490593,0.8959457278251648,2499,19,0.2709631323814392,,,
0.02005375362932682,0.9057862162590027,2549,19,0.28577351570129395,,,
0.02025057189166546,0.8204875588417053,2599,19,0.2603216767311096,,,
,,2619,19,,0.02638312056660652,0.7611236572265625,0.24680529534816742
0.019937986508011818,0.6838486194610596,2649,20,0.21911118924617767,,,
0.00494067557156086,0.9903160929679871,2699,20,0.3005533218383789,,,
0.013615522533655167,0.7571550607681274,2749,20,0.2366773933172226,,,
,,2750,20,,0.0240673515945673,0.7659505009651184,0.24663229286670685
0.07274465262889862,0.7596994638442993,2799,21,0.2788310945034027,,,
0.010896701365709305,0.7861615419387817,2849,21,0.24347616732120514,,,
,,2881,21,,0.02326628565788269,0.768782913684845,0.2469213306903839
0.07689550518989563,0.9167265892028809,2899,22,0.3288448452949524,,,
0.014496805146336555,0.6627700924873352,2949,22,0.2089788019657135,,,
0.01247450802475214,0.9572287201881409,2999,22,0.29590079188346863,,,
,,3012,22,,0.021418526768684387,0.7319089770317078,0.23456567525863647
0.02244500257074833,0.6689295768737793,3049,23,0.21639038622379303,,,
0.07281368225812912,0.816948413848877,3099,23,0.2960541248321533,,,
,,3143,23,,0.02554117888212204,0.7732874751091003,0.2498651146888733
0.003916887100785971,0.7525593042373657,3149,24,0.22850961983203888,,,
0.001786248292773962,0.8560326099395752,3199,24,0.25806018710136414,,,
0.009935202077031136,0.9188295006752014,3249,24,0.28260350227355957,,,
,,3274,24,,0.022364960983395576,0.7400996685028076,0.23768536746501923
0.032183509320020676,0.7167134284973145,3299,25,0.23754249513149261,,,
0.018955059349536896,0.7856378555297852,3349,25,0.24895991384983063,,,
0.006435532122850418,0.9948563575744629,3399,25,0.3029617667198181,,,
,,3405,25,,0.02404920943081379,0.7467156648635864,0.24084916710853577
0.051795244216918945,0.5247550010681152,3449,26,0.1936831772327423,,,
0.006322485860437155,0.996234655380249,3499,26,0.30329614877700806,,,
,,3536,26,,0.02299824170768261,0.7268704771995544,0.234159916639328
0.010351371951401234,0.5190238952636719,3549,27,0.16295313835144043,,,
0.021713148802518845,0.8756197690963745,3599,27,0.27788516879081726,,,
0.016396798193454742,0.8135112524032593,3649,27,0.2555311322212219,,,
,,3667,27,,0.023718051612377167,0.7348289489746094,0.2370513528585434
0.02006867341697216,0.4805017113685608,3699,28,0.15819859504699707,,,
0.010425654239952564,0.6469243764877319,3749,28,0.20137529075145721,,,
,,3798,28,,0.02381003461778164,0.723814845085144,0.23381152749061584
0.006593888625502586,0.789647102355957,3799,29,0.24150986969470978,,,
0.008227257989346981,0.9167753458023071,3849,29,0.280791699886322,,,
0.018310317769646645,0.8090013861656189,3899,29,0.2555176615715027,,,
,,3929,29,,0.025187242776155472,0.7158482074737549,0.2323855459690094
0.003909283317625523,0.6309632062911987,3949,30,0.19202546775341034,,,
0.008043731562793255,0.7839103937149048,3999,30,0.24080373346805573,,,
0.027176745235919952,0.8926441073417664,4049,30,0.28681695461273193,,,
,,4060,30,,0.023618636652827263,0.7237685918807983,0.23366358876228333
0.03068150021135807,0.7291725873947144,4099,31,0.2402288317680359,,,
0.010991380549967289,0.7837780714035034,4149,31,0.2428273856639862,,,
,,4191,31,,0.02332056313753128,0.7167337536811829,0.23134450614452362
0.004950731061398983,0.784797191619873,4199,32,0.2389046847820282,,,
0.010087836533784866,0.6639193296432495,4249,32,0.2062372863292694,,,
0.01717248186469078,0.7244767546653748,4299,32,0.22936376929283142,,,
,,4322,32,,0.02382265217602253,0.7363333702087402,0.23757584393024445
0.01764754205942154,0.6043688058853149,4349,33,0.19366393983364105,,,
0.010112314485013485,0.8412292003631592,4399,33,0.2594473958015442,,,
0.001398241613060236,0.9822784066200256,4449,33,0.2956623136997223,,,
,,4453,33,,0.02401524968445301,0.7152711749076843,0.23139208555221558
0.0321892648935318,0.9394768476486206,4499,34,0.304375559091568,,,
0.015928592532873154,0.863417387008667,4549,34,0.2701752185821533,,,
,,4584,34,,0.02267703413963318,0.7055003046989441,0.2275240421295166
0.0036760561633855104,0.6898967027664185,4599,35,0.20954225957393646,,,
0.017926163971424103,0.7934037446975708,4649,35,0.2505694627761841,,,
0.013516556471586227,0.641844630241394,4699,35,0.2020149827003479,,,
,,4715,35,,0.024222442880272865,0.717840850353241,0.23230791091918945
0.013869243673980236,0.7948693633079529,4749,36,0.24816928803920746,,,
0.00588797964155674,0.6628978252410889,4799,36,0.20299094915390015,,,
,,4846,36,,0.0235295407474041,0.7112607955932617,0.2298489511013031
0.00762814050540328,0.8137636184692383,4849,37,0.24946878850460052,,,
0.0048125265166163445,0.8558213114738464,4899,37,0.2601151764392853,,,
0.009891582652926445,0.7207735180854797,4949,37,0.2231561690568924,,,
,,4977,37,,0.02435091882944107,0.7049239873886108,0.2285229116678238
0.011326209641993046,0.7151666283607483,4999,38,0.22247834503650665,,,
0.00351388449780643,0.8801137804985046,5049,38,0.26649385690689087,,,
0.008025340735912323,0.8595253229141235,5099,38,0.26347535848617554,,,
,,5108,38,,0.02483026497066021,0.7057402729988098,0.22910326719284058
0.026885056868195534,0.8593306541442871,5149,39,0.27661874890327454,,,
0.05792238563299179,0.6164219379425049,5199,39,0.22547225654125214,,,
,,5239,39,,0.023289592936635017,0.7063689231872559,0.22821341454982758
0.009991479106247425,0.7511191964149475,5249,40,0.23232980072498322,,,
0.025345096364617348,0.512880802154541,5299,40,0.17160581052303314,,,
0.014399384148418903,0.6068317890167236,5349,40,0.19212910532951355,,,
,,5370,40,,0.024224048480391502,0.7029721140861511,0.22784847021102905
0.004658988211303949,0.8128178119659424,5399,41,0.2471066564321518,,,
0.06411264091730118,0.6524173021316528,5449,41,0.24060404300689697,,,
0.030884796753525734,0.5553093552589417,5499,41,0.18821215629577637,,,
,,5501,41,,0.027047907933592796,0.6982948780059814,0.22842201590538025
0.009378603659570217,0.685675323009491,5549,42,0.21226762235164642,,,
0.08291845768690109,0.6576465368270874,5599,42,0.2553368806838989,,,
,,5632,42,,0.023120973259210587,0.7052589058876038,0.227762371301651
0.01730537787079811,0.5217729806900024,5649,43,0.16864566504955292,,,
0.011101060546934605,0.8423385620117188,5699,43,0.2604723274707794,,,
0.024329926818609238,0.4750150442123413,5749,43,0.1595354676246643,,,
,,5763,43,,0.0250653438270092,0.6973491311073303,0.2267504632472992
0.03527652472257614,0.6938856840133667,5799,44,0.2328592836856842,,,
0.036716632544994354,0.7216575741767883,5849,44,0.24219892919063568,,,
,,5894,44,,0.024705855175852776,0.7240839004516602,0.23451927304267883
0.012683208100497723,0.5642534494400024,5899,45,0.17815428972244263,,,
0.019703708589076996,0.8123703002929688,5949,45,0.2575036883354187,,,
0.04209158942103386,0.6537554860115051,5999,45,0.2255907654762268,,,
,,6025,45,,0.023554161190986633,0.6961352229118347,0.2253285050392151
0.06639470160007477,0.5215407609939575,6049,46,0.2029385268688202,,,
0.011364749632775784,0.7655999660491943,6099,46,0.23763532936573029,,,
0.011751432903110981,0.805802047252655,6149,46,0.24996663630008698,,,
,,6156,46,,0.02307925559580326,0.6994463801383972,0.22598940134048462
0.03546031191945076,0.5504796504974365,6199,47,0.1899661272764206,,,
0.013756215572357178,0.8851828575134277,6249,47,0.2751842141151428,,,
,,6287,47,,0.024172518402338028,0.7127130031585693,0.2307346612215042
0.02053712122142315,0.7030583620071411,6299,48,0.22529350221157074,,,
0.00520292017608881,0.7635072469711304,6349,48,0.23269422352313995,,,
0.011300724931061268,0.6582545042037964,6399,48,0.20538686215877533,,,
,,6418,48,,0.023224860429763794,0.6961765289306641,0.22511035203933716
0.0014320948394015431,0.9208264946937561,6449,49,0.27725040912628174,,,
0.01998899132013321,0.9041338562965393,6499,49,0.28523245453834534,,,
0.09194198995828629,0.8983511924743652,6549,49,0.3338647782802582,,,
,,6549,49,,0.0230949018150568,0.6894169449806213,0.22299152612686157
0.016189677640795708,0.5897427797317505,6599,50,0.18825562298297882,,,
0.01659504510462284,0.8321195840835571,6649,50,0.26125243306159973,,,
,,6680,50,,0.0239469762891531,0.6882474422454834,0.22323709726333618
0.0019468337995931506,0.8192903399467468,6699,51,0.24714989960193634,,,
0.011298497207462788,0.7613340616226196,6749,51,0.23630917072296143,,,
0.025055965408682823,0.38579487800598145,6799,51,0.13327763974666595,,,
,,6811,51,,0.023214228451251984,0.6875820755958557,0.22252462804317474
0.008487860672175884,0.8061013221740723,6849,52,0.24777190387248993,,,
0.012651000171899796,0.8568795323371887,6899,52,0.26591956615448,,,
,,6942,52,,0.023967262357473373,0.7165501117706299,0.23174217343330383
0.004763069096952677,0.9195067882537842,6949,53,0.2791861891746521,,,
0.028008271008729935,0.7751883864402771,6999,53,0.25216230750083923,,,
0.032970596104860306,0.5738523006439209,7049,53,0.19523510336875916,,,
,,7073,53,,0.02208896540105343,0.6894345283508301,0.22229264676570892
0.0319058932363987,0.5088405609130859,7099,54,0.17498630285263062,,,
0.00808941200375557,0.7929825782775879,7149,54,0.2435573786497116,,,
0.003143919864669442,0.8395482897758484,7199,54,0.25406524538993835,,,
,,7204,54,,0.022977646440267563,0.6927063465118408,0.22389625012874603
0.0025676835794001818,0.7804439663887024,7249,55,0.23593057692050934,,,
0.006691947113722563,0.82982337474823,7299,55,0.2536313831806183,,,
,,7335,55,,0.023093372583389282,0.6873093247413635,0.22235816717147827
0.0029590963385999203,0.7765673398971558,7349,56,0.2350415736436844,,,
0.024632548913359642,0.7275621891021729,7399,56,0.23551145195960999,,,
0.011390281841158867,0.6398099660873413,7449,56,0.19991619884967804,,,
,,7466,56,,0.022538743913173676,0.6916512250900269,0.22327250242233276
0.018808122724294662,0.5123006105422974,7499,57,0.16685587167739868,,,
0.0061961025930941105,0.7987724542617798,7549,57,0.24396900832653046,,,
,,7597,57,,0.023122986778616905,0.6831221580505371,0.22112277150154114
0.01382866408675909,0.3663257360458374,7599,58,0.1195777878165245,,,
0.01150783896446228,0.6919369101524353,7649,58,0.21563658118247986,,,
0.026560815051198006,0.5934926271438599,7699,58,0.19664035737514496,,,
,,7728,58,,0.022746127098798752,0.6812039613723755,0.22028346359729767
0.01739441603422165,0.7013850808143616,7749,59,0.22259162366390228,,,
0.004160668235272169,0.771794319152832,7799,59,0.23445077240467072,,,
0.0017646804917603731,0.7818067073822021,7849,59,0.23577730357646942,,,
,,7859,59,,0.023232337087392807,0.688539445400238,0.22282449901103973
0.011745871976017952,0.6498904228210449,7899,60,0.20318925380706787,,,
0.0044284095056355,0.6744961142539978,7949,60,0.20544873178005219,,,
,,7990,60,,0.025349514558911324,0.7192840576171875,0.23352980613708496
0.019081909209489822,0.644428014755249,7999,61,0.20668575167655945,,,
0.022592438384890556,0.6212152242660522,8049,61,0.20217928290367126,,,
0.032854851335287094,0.643624484539032,8099,61,0.216085746884346,,,
,,8121,61,,0.023468129336833954,0.6898998618125916,0.22339767217636108
0.06636674702167511,0.6301454305648804,8149,62,0.23550036549568176,,,
0.011154881678521633,0.7003377676010132,8199,62,0.21790975332260132,,,
0.00915580801665783,0.6673261523246765,8249,62,0.206606924533844,,,
,,8252,62,,0.02276076376438141,0.6926017999649048,0.22371309995651245
0.010516143403947353,0.6470738649368286,8299,63,0.20148345828056335,,,
0.008745669387280941,0.565044641494751,8349,63,0.17563536763191223,,,
,,8383,63,,0.023026974871754646,0.6888290047645569,0.22276756167411804
0.00435283500701189,0.6889853477478027,8399,64,0.20974260568618774,,,
0.010772142559289932,0.7712452411651611,8449,64,0.23891407251358032,,,
0.013959068804979324,0.6694968938827515,8499,64,0.21062041819095612,,,
,,8514,64,,0.02315448597073555,0.6799447536468506,0.2201915979385376
0.007974854670464993,0.700426459312439,8549,65,0.2157103419303894,,,
0.03750796988606453,0.5477374792098999,8599,65,0.19057682156562805,,,
,,8645,65,,0.022624559700489044,0.6840934753417969,0.2210652381181717
0.09670642763376236,0.882580041885376,8649,66,0.33246850967407227,,,
0.013413500040769577,0.8114053010940552,8699,66,0.2528110444545746,,,
0.001033804495818913,0.8455634117126465,8749,66,0.25439268350601196,,,
,,8776,66,,0.02191646210849285,0.6762731671333313,0.2182234674692154
0.007551077753305435,0.7801894545555115,8799,67,0.239342600107193,,,
0.011442701332271099,0.4036353826522827,8849,67,0.1291005164384842,,,
0.012515032663941383,0.6993931531906128,8899,67,0.2185784876346588,,,
,,8907,67,,0.022988561540842056,0.6790268421173096,0.21980006992816925
0.029962977394461632,0.8004936575889587,8949,68,0.2611221969127655,,,
0.12480062991380692,0.6164712905883789,8999,68,0.2723018527030945,,,
,,9038,68,,0.021904269233345985,0.6697862148284912,0.2162688821554184
0.006832728628069162,0.681662917137146,9049,69,0.2092818021774292,,,
0.027531372383236885,0.7752265930175781,9099,69,0.25183993577957153,,,
0.009909756481647491,0.7898428440093994,9149,69,0.2438896894454956,,,
,,9169,69,,0.022901739925146103,0.6785389184951782,0.2195928543806076
0.04276811704039574,0.42083442211151123,9199,70,0.1561880111694336,,,
0.013390066102147102,0.7176324129104614,9249,70,0.22466278076171875,,,
0.014761092141270638,0.5443688035011292,9299,70,0.17364341020584106,,,
,,9300,70,,0.022938737645745277,0.6848036646842957,0.22149820625782013
0.008209957741200924,0.632714033126831,9349,71,0.19556120038032532,,,
0.006992810405790806,0.7592912912368774,9399,71,0.23268236219882965,,,
,,9431,71,,0.023174596950411797,0.691070020198822,0.2235431969165802
0.00885779969394207,0.7555151581764221,9449,72,0.23285502195358276,,,
0.02494913712143898,0.5147171020507812,9499,72,0.17187952995300293,,,
0.012496954761445522,0.8039145469665527,9549,72,0.2499222457408905,,,
,,9562,72,,0.023059183731675148,0.6815040111541748,0.22059260308742523
0.030248237773776054,0.6918936967849731,9599,73,0.22874188423156738,,,
0.008860376663506031,0.567135214805603,9649,73,0.17634283006191254,,,
,,9693,73,,0.023651575669646263,0.6845104694366455,0.22190925478935242
0.015340319834649563,0.6438109278678894,9699,74,0.20388151705265045,,,
0.020193859934806824,0.7141333818435669,9749,74,0.22837573289871216,,,
0.0034301429986953735,0.5080576539039612,9799,74,0.15481840074062347,,,
,,9824,74,,0.023013848811388016,0.6741737127304077,0.21836179494857788
0.044276632368564606,0.6432939171791077,9849,75,0.2239818274974823,,,
0.040013182908296585,0.33959442377090454,9899,75,0.12988755106925964,,,
0.020491264760494232,0.712392270565033,9949,75,0.22806157171726227,,,
,,9955,75,,0.022531701251864433,0.6802666187286377,0.21985217928886414
0.00541934696957469,0.6335140466690063,9999,76,0.19384776055812836,,,
0.004885099362581968,0.5561734437942505,10049,76,0.1702716052532196,,,
,,10086,76,,0.023603536188602448,0.6709555983543396,0.21780918538570404
0.014708505012094975,0.757483959197998,10099,77,0.23754115402698517,,,
0.024953316897153854,0.7561655640602112,10149,77,0.24431699514389038,,,
0.014904980547726154,0.6661030054092407,10199,77,0.2102643847465515,,,
,,10217,77,,0.022939017042517662,0.6805585026741028,0.22022493183612823
0.011357075534760952,0.5659370422363281,10249,78,0.17773106694221497,,,
0.009388391859829426,0.5757638216018677,10299,78,0.17930102348327637,,,
,,10348,78,,0.023858943954110146,0.6828861236572266,0.22156712412834167
0.014470255002379417,0.7164329290390015,10349,79,0.22505907714366913,,,
0.023898333311080933,0.5793728828430176,10399,79,0.19054070115089417,,,
0.004653041251003742,0.6585967540740967,10449,79,0.2008361667394638,,,
,,10479,79,,0.02245502732694149,0.6812558770179749,0.22009530663490295
0.004476853646337986,0.531389594078064,10499,80,0.162550687789917,,,
0.02397913672029972,0.4512970447540283,10549,80,0.15217451751232147,,,
0.019175758585333824,0.6046288013458252,10599,80,0.19481167197227478,,,
,,10610,80,,0.021837759763002396,0.6674792766571045,0.21553026139736176
0.017529906705021858,0.8456270098686218,10649,81,0.2659590542316437,,,
0.021348202601075172,0.8619077205657959,10699,81,0.27351608872413635,,,
,,10741,81,,0.022069232538342476,0.6715801954269409,0.21692253649234772
0.00353451631963253,0.9229669570922852,10749,82,0.2793642580509186,,,
0.008980087004601955,0.6988571882247925,10799,82,0.21594321727752686,,,
0.005840503145009279,0.7363641858100891,10849,82,0.2249976247549057,,,
,,10872,82,,0.022667868062853813,0.6714317202568054,0.2172970324754715
0.007367604412138462,0.830889880657196,10899,83,0.2544243037700653,,,
0.026170585304498672,0.4348207712173462,10949,83,0.1487656533718109,,,
0.006096461322158575,0.8199838399887085,10999,83,0.25026267766952515,,,
,,11003,83,,0.02209012769162655,0.6646832823753357,0.21486806869506836
0.004087483044713736,0.6286408305168152,11049,84,0.1914534866809845,,,
0.0198826901614666,0.6781781911849976,11099,84,0.21737134456634521,,,
,,11134,84,,0.02225533314049244,0.6629477143287659,0.2144630402326584
0.022850191220641136,0.6215609312057495,11149,85,0.20246341824531555,,,
0.01412920095026493,0.629660964012146,11199,85,0.19878873229026794,,,
0.008866451680660248,0.5343523025512695,11249,85,0.16651220619678497,,,
,,11265,85,,0.022167254239320755,0.663170337677002,0.21446815133094788
0.019139669835567474,0.7872288227081299,11299,86,0.24956642091274261,,,
0.008486876264214516,0.5783688426017761,11349,86,0.17945146560668945,,,
,,11396,86,,0.022351179271936417,0.6640542149543762,0.21486209332942963
0.002739318646490574,0.5671162605285645,11399,87,0.17205241322517395,,,
0.007636982016265392,0.6150608062744141,11449,87,0.1898641288280487,,,
0.018495799973607063,0.6454981565475464,11499,87,0.2065965235233307,,,
,,11527,87,,0.021322784945368767,0.65837162733078,0.2124374359846115
0.013750039041042328,0.5862851738929749,11549,88,0.18551059067249298,,,
0.02368318662047386,0.7112553715705872,11599,88,0.22995485365390778,,,
0.05142533406615257,0.5376660227775574,11649,88,0.19729754328727722,,,
,,11658,88,,0.021715037524700165,0.664573609828949,0.21457259356975555
0.017272939905524254,0.4867333769798279,11699,89,0.1581110805273056,,,
0.005207077134400606,0.5201871395111084,11749,89,0.15970110893249512,,,
,,11789,89,,0.021906502544879913,0.6624948978424072,0.21408306062221527
0.017004813998937607,0.6123348474502563,11799,90,0.19560383260250092,,,
0.0012693785829469562,0.9882176518440247,11849,90,0.2973538637161255,,,
0.0014780884375795722,0.6356472969055176,11899,90,0.1917288601398468,,,
,,11920,90,,0.022674132138490677,0.6693990230560303,0.21669159829616547
0.042214613407850266,0.522727906703949,11949,91,0.18636859953403473,,,
0.01748410239815712,0.40935218334198,11999,91,0.13504453003406525,,,
0.0016376888379454613,0.7379103899002075,12049,91,0.22251950204372406,,,
,,12051,91,,0.022625040262937546,0.6698296666145325,0.2167864590883255
0.025038639083504677,0.65325927734375,12099,92,0.2135048359632492,,,
0.014017725363373756,0.4569692015647888,12149,92,0.14690318703651428,,,
,,12182,92,,0.021777240559458733,0.6572316884994507,0.21241357922554016
0.002248716074973345,0.9921226501464844,12199,93,0.29921090602874756,,,
0.004863261245191097,0.6359168291091919,12249,93,0.19417934119701385,,,
0.018794415518641472,0.5530067682266235,12299,93,0.17905811965465546,,,
,,12313,93,,0.022103961557149887,0.6651339530944824,0.21501295268535614
0.06467076390981674,0.5222440958023071,12349,94,0.20194277167320251,,,
0.009519197046756744,0.5435470938682556,12399,94,0.16972757875919342,,,
,,12444,94,,0.021940218284726143,0.664676308631897,0.21476100385189056
0.03267071768641472,0.49056100845336914,12449,95,0.17003780603408813,,,
0.012995596043765545,0.90418541431427,12499,95,0.28035256266593933,,,
0.01166792493313551,0.5937846899032593,12549,95,0.18630295991897583,,,
,,12575,95,,0.02205793187022209,0.662187397480011,0.2140967696905136
0.022546175867319107,0.5660266876220703,12599,96,0.18559034168720245,,,
0.0021196508314460516,0.7986667156219482,12649,96,0.2410837709903717,,,
0.03459645062685013,0.589036762714386,12699,96,0.20092855393886566,,,
,,12706,96,,0.022499829530715942,0.6625325679779053,0.21450965106487274
0.006154321599751711,0.7549656629562378,12749,97,0.23079773783683777,,,
0.006303058005869389,0.736748456954956,12799,97,0.22543668746948242,,,
,,12837,97,,0.021672755479812622,0.657443642616272,0.21240399777889252
0.022632678970694542,0.45066094398498535,12849,98,0.1510411649942398,,,
0.026656415313482285,0.4568887948989868,12899,98,0.1557261347770691,,,
0.032511934638023376,0.7411696314811707,12949,98,0.24510924518108368,,,
,,12968,98,,0.022360187023878098,0.6619082689285278,0.21422462165355682
0.003949486184865236,0.8083541393280029,12999,99,0.24527089297771454,,,
0.0035412476863712072,0.8460309505462646,13049,99,0.25628817081451416,,,
0.008707058615982533,0.4853254556655884,13099,99,0.15169258415699005,,,
,,13099,99,,0.02304738014936447,0.6603850722312927,0.21424871683120728
0.0027662301436066628,0.8180095553398132,13149,100,0.24733923375606537,,,
0.0038078706711530685,0.5094283819198608,13199,100,0.15549401938915253,,,
,,13230,100,,0.021753044798970222,0.655010461807251,0.21173028647899628
0.01862197183072567,0.5970697999000549,13249,101,0.1921563297510147,,,
0.017205985262989998,0.492920458316803,13299,101,0.159920334815979,,,
0.04081890359520912,0.6934143900871277,13349,101,0.23659755289554596,,,
,,13361,101,,0.021472416818141937,0.6642163395881653,0.21429559588432312
0.0078024002723395824,0.4015299081802368,13399,102,0.12592065334320068,,,
0.02735171467065811,0.5706206560134888,13449,102,0.19033241271972656,,,
,,13492,102,,0.02228078804910183,0.6614214777946472,0.21402296423912048
0.033336490392684937,0.6546643376350403,13499,103,0.21973486244678497,,,
0.01663842983543873,0.5940104722976685,13549,103,0.18985004723072052,,,
0.011515653692185879,0.6445918083190918,13599,103,0.2014385163784027,,,
,,13623,103,,0.022066449746489525,0.6600133180618286,0.21345050632953644
0.008094707503914833,0.757118821144104,13649,104,0.23280195891857147,,,
0.005330846179276705,0.6586464643478394,13699,104,0.20132553577423096,,,
0.008680453523993492,0.6006838083267212,13749,104,0.1862814724445343,,,
,,13754,104,,0.02177993766963482,0.6602818965911865,0.21333047747612
0.018276941031217575,0.5891207456588745,13799,105,0.18953008949756622,,,
0.02464447170495987,0.5638535618782043,13849,105,0.186407208442688,,,
,,13885,105,,0.02229476533830166,0.6607966423034668,0.21384531259536743
0.020039184018969536,0.617968738079071,13899,106,0.1994180530309677,,,
0.0060040829703211784,0.6964025497436523,13949,106,0.2131236344575882,,,
0.010069317184388638,0.7919746041297913,13999,106,0.24464090168476105,,,
,,14016,106,,0.021628128364682198,0.6594778299331665,0.21298304200172424
0.006845219526439905,0.5646216869354248,14049,107,0.17417815327644348,,,
0.025805355980992317,0.5513002872467041,14099,107,0.18345384299755096,,,
,,14147,107,,0.02259979397058487,0.6638050079345703,0.21496134996414185
0.033893246203660965,0.6334181427955627,14149,108,0.2137507200241089,,,
0.012336278334259987,0.45252031087875366,14199,108,0.1443915069103241,,,
0.014384100213646889,0.46651995182037354,14249,108,0.15002486109733582,,,
,,14278,108,,0.021336732432246208,0.6645636558532715,0.21430478990077972
0.021720988675951958,0.6385295391082764,14299,109,0.20676356554031372,,,
0.0022740184795111418,0.6884416341781616,14349,109,0.2081243097782135,,,
0.025464462116360664,0.6645181179046631,14399,109,0.21718056499958038,,,
,,14409,109,,0.022694867104291916,0.660393476486206,0.21400444209575653
0.004572720266878605,0.8284741640090942,14449,110,0.2517431676387787,,,
0.002641020342707634,0.6574546098709106,14499,110,0.19908510148525238,,,
,,14540,110,,0.021620526909828186,0.6583762764930725,0.2126472443342209
0.0041156732477247715,0.3646584153175354,14549,111,0.11227849870920181,,,
0.03271763026714325,0.6652268767356873,14599,111,0.22247041761875153,,,
0.019015979021787643,0.6123616099357605,14649,111,0.19701966643333435,,,
,,14671,111,,0.021960178390145302,0.6634710431098938,0.21441343426704407
0.012631886638700962,0.607674241065979,14699,112,0.19114460051059723,,,
0.013693967834115028,0.4047353267669678,14749,112,0.1310063749551773,,,
0.007841434329748154,0.7751715779304504,14799,112,0.238040491938591,,,
,,14802,112,,0.021501297131180763,0.6532198190689087,0.21101686358451843
0.01683926396071911,0.496478796005249,14849,113,0.16073113679885864,,,
0.022244885563850403,0.6353198289871216,14899,113,0.20616737008094788,,,
,,14933,113,,0.021898502483963966,0.6597840785980225,0.21326415240764618
0.009627701714634895,0.7155890464782715,14949,114,0.22141611576080322,,,
0.017059577628970146,0.3592708706855774,14999,114,0.11972296983003616,,,
0.06050197780132294,0.6861006617546082,15049,114,0.24818158149719238,,,
,,15064,114,,0.022283559665083885,0.6610068678855896,0.21390056610107422
0.008852238766849041,0.77852463722229,15099,115,0.23975397646427155,,,
0.010944925248622894,0.6438225507736206,15149,115,0.20080822706222534,,,
,,15195,115,,0.021812275052070618,0.6586992740631104,0.21287840604782104
0.013557045720517635,0.4694167375564575,15199,116,0.15031497180461884,,,
0.004314849618822336,0.8628279566764832,15249,116,0.26186880469322205,,,
0.019439171999692917,0.6562606692314148,15299,116,0.21048563718795776,,,
,,15326,116,,0.022367708384990692,0.6658068895339966,0.21539951860904694
0.021509258076548576,0.5924997925758362,15349,117,0.1928064227104187,,,
0.049768660217523575,0.43616747856140137,15399,117,0.16568832099437714,,,
0.010799995623528957,0.6286430358886719,15449,117,0.196152925491333,,,
,,15457,117,,0.021681396290659904,0.6548761129379272,0.21163980662822723
0.007125838194042444,0.568554162979126,15499,118,0.17555435001850128,,,
0.008379768580198288,0.7856040596961975,15549,118,0.24154706299304962,,,
,,15588,118,,0.022044340148568153,0.6663168668746948,0.21532610058784485
0.016682332381606102,0.62183678150177,15599,119,0.19822867214679718,,,
0.009906167164444923,0.7786024808883667,15649,119,0.2405150681734085,,,
0.009013816714286804,0.5889555811882019,15699,119,0.18299634754657745,,,
,,15719,119,,0.02278801053762436,0.6636016368865967,0.21503211557865143
0.010154015384614468,0.6852574944496155,15749,120,0.21268506348133087,,,
0.013386867009103298,0.7107462882995605,15799,120,0.22259469330310822,,,
0.016250550746917725,0.7660343647003174,15849,120,0.24118569493293762,,,
,,15850,120,,0.02264065109193325,0.663643479347229,0.21494145691394806
0.009675025008618832,0.9366394281387329,15899,121,0.28776437044143677,,,
0.0319473072886467,0.7896655201911926,15949,121,0.2592627704143524,,,
,,15981,121,,0.022083617746829987,0.6651195287704468,0.2149943709373474
0.0077145891264081,0.8111538290977478,15999,122,0.2487463653087616,,,
0.008028796873986721,0.5387898683547974,16049,122,0.16725711524486542,,,
0.006013036239892244,0.6854896545410156,16099,122,0.2098560333251953,,,
,,16112,122,,0.02247626520693302,0.6635006666183472,0.21478362381458282
0.013049008324742317,0.6939588189125061,16149,123,0.2173219621181488,,,
0.005185278132557869,0.8060542345046997,16199,123,0.24544598162174225,,,
,,16243,123,,0.02226092480123043,0.6610284447669983,0.2138911783695221
0.017034370452165604,0.4880014657974243,16249,124,0.15832450985908508,,,
0.00818253867328167,0.33608514070510864,16299,124,0.1065533235669136,,,
0.0450347438454628,0.496906042098999,16349,124,0.18059612810611725,,,
,,16374,124,,0.022191237658262253,0.6566908359527588,0.2125411331653595
0.008457578718662262,0.6595056056976318,16399,125,0.20377199351787567,,,
0.012565359473228455,0.6787052154541016,16449,125,0.21240732073783875,,,
0.026924295350909233,0.5914303660392761,16499,125,0.19627611339092255,,,
,,16505,125,,0.02137795090675354,0.6572608947753906,0.21214286983013153
0.01785825379192829,0.704206109046936,16549,126,0.2237626165151596,,,
0.0027493787929415703,0.6161711812019348,16599,126,0.18677592277526855,,,
,,16636,126,,0.02267402969300747,0.6639373898506165,0.21505305171012878
0.011569539085030556,0.5496231317520142,16649,127,0.17298562824726105,,,
0.005055827554315329,0.7938399314880371,16699,127,0.24169106781482697,,,
0.04906190186738968,0.741904079914093,16749,127,0.25691455602645874,,,
,,16767,127,,0.02170318365097046,0.6626595258712769,0.21399006247520447
0.019338542595505714,0.4259408712387085,16799,128,0.14131924510002136,,,
0.021651294082403183,0.4988086223602295,16849,128,0.16479849815368652,,,
,,16898,128,,0.021285004913806915,0.6550251841545105,0.21140706539154053
0.03094266913831234,0.43773317337036133,16899,129,0.15297982096672058,,,
0.022452808916568756,0.6874548196792603,16949,129,0.22195342183113098,,,
0.018200252205133438,0.6847696304321289,16999,129,0.21817107498645782,,,
,,17029,129,,0.02153271995484829,0.6585308909416199,0.2126322090625763
0.0006191229913383722,0.949903666973114,17049,130,0.2854045033454895,,,
0.001282606739550829,0.9074028730392456,17099,130,0.2731187045574188,,,
0.01660042628645897,0.7988139986991882,17149,130,0.2512645125389099,,,
,,17160,130,,0.021916603669524193,0.6697389483451843,0.2162633091211319
0.010710183531045914,0.8517836332321167,17199,131,0.2630322277545929,,,
0.01884986273944378,0.5607908964157104,17249,131,0.18143217265605927,,,
,,17291,131,,0.02200748212635517,0.6613824963569641,0.2138199508190155
0.014868829399347305,0.8223555088043213,17299,132,0.25711485743522644,,,
0.004528012592345476,0.8784498572349548,17349,132,0.2667045593261719,,,
0.021192003041505814,0.676311194896698,17399,132,0.21772776544094086,,,
,,17422,132,,0.022122317925095558,0.662497341632843,0.2142348438501358
